{"name":"67a7c1fe-83e3-4ac6-9c46-39af033966bc","id":"/providers/Microsoft.Flow/flows/67a7c1fe-83e3-4ac6-9c46-39af033966bc","type":"Microsoft.Flow/flows","properties":{"apiId":"/providers/Microsoft.PowerApps/apis/shared_logicflows","displayName":"GetAllRisksDataExample","definition":{"metadata":{"workflowEntityId":null,"creator":{"id":"70bf63fd-a773-47b9-9187-0c40c80b65a5","type":"User","tenantId":"13d9eb48-2ac1-4e4d-a862-7072bb36a7a4"},"provisioningMethod":"FromDefinition","failureAlertSubscription":true,"clientLastModifiedTime":"2020-04-06T22:29:05.0634084Z"},"$schema":"https://schema.management.azure.com/providers/Microsoft.Logic/schemas/2016-06-01/workflowdefinition.json#","contentVersion":"1.0.0.0","parameters":{"$connections":{"defaultValue":{},"type":"Object"},"$authentication":{"defaultValue":{},"type":"SecureObject"}},"triggers":{"Recurrence":{"recurrence":{"frequency":"Week","interval":1},"type":"Recurrence"}},"actions":{"GetAllProjectSites":{"runAfter":{},"metadata":{"flowSystemMetadata":{"swaggerOperationId":"HttpRequest"}},"type":"ApiConnection","inputs":{"host":{"connection":{"name":"@parameters('$connections')['shared_sharepointonline']['connectionId']"},"api":{"runtimeUrl":"https://flow-apim-europe-001-northeurope-01.azure-apim.net/apim/sharepointonline"}},"method":"post","body":{"method":"GET","uri":"/_api/ProjectData/Projects()?$Select=ProjectId,ProjectName,ProjectWorkspaceInternalUrl&$Filter=ProjectType ne 7 and ProjectWorkspaceInternalUrl ne null","headers":{"Accept":"application/json;odata=nometadata","Content-Type":"application/json;odata=nometadata"}},"path":"/datasets/@{encodeURIComponent(encodeURIComponent('https://cpsglobal.sharepoint.com/sites/PaulTest'))}/httprequest","authentication":"@parameters('$authentication')"}},"ForEachProjectSite":{"foreach":"@body('GetAllProjectSites')['value']","actions":{"Set_ProjSiteUrl":{"runAfter":{},"type":"SetVariable","inputs":{"name":"ProjectSiteUrl","value":"@{items('ForEachProjectSite')?['ProjectWorkspaceInternalUrl']}"}},"GetRisks":{"runAfter":{"GetProjSiteDetails":["Succeeded"]},"metadata":{"flowSystemMetadata":{"swaggerOperationId":"HttpRequest"}},"type":"ApiConnection","inputs":{"host":{"connection":{"name":"@parameters('$connections')['shared_sharepointonline']['connectionId']"},"api":{"runtimeUrl":"https://flow-apim-europe-001-northeurope-01.azure-apim.net/apim/sharepointonline"}},"method":"post","body":{"method":"GET","uri":"@variables('RiskUrl')","headers":{"Accept":"application/json;odata=nometadata","Content-Type":"application/json;odata=nometadata"}},"path":"/datasets/@{encodeURIComponent(encodeURIComponent(variables('ProjectSiteUrl')))}/httprequest","authentication":"@parameters('$authentication')"}},"ForEachRisk":{"foreach":"@body('GetRisks')['value']","actions":{"InsertRisks":{"runAfter":{},"metadata":{"flowSystemMetadata":{"swaggerOperationId":"PostItem_V2"}},"type":"ApiConnection","inputs":{"host":{"connection":{"name":"@parameters('$connections')['shared_sql_2']['connectionId']"},"api":{"runtimeUrl":"https://flow-apim-europe-001-westeurope-01.azure-apim.net/apim/sql"}},"method":"post","body":{"Title":"@{items('ForEachRisk')?['Title']}","Description":"@{items('ForEachRisk')?['Description']}","DueDate":"@{items('ForEachRisk')?['DueDate']}","Status":"@{items('ForEachRisk')?['Status']}","Category":"@{items('ForEachRisk')?['Category']}","Probability":"@items('ForEachRisk')?['Probability']","Impact":"@items('ForEachRisk')?['Impact']","Mitigationplan":"@{items('ForEachRisk')?['Mitigation_x0020_plan']}","Exposure":"@items('ForEachRisk')?['Exposure']","AssignedTo":"@{items('ForEachRisk')?['AssignedTo']['Title']}","SyncDate":"@{utcNow()}","RiskGUID":"@{items('ForEachRisk')?['GUID']}","ProjectGUID":"@{body('GetProjSiteDetails')['MSPWAPROJUID']}"},"path":"/v2/datasets/@{encodeURIComponent(encodeURIComponent('paulmathersqltest.database.windows.net'))},@{encodeURIComponent(encodeURIComponent('default'))}/tables/@{encodeURIComponent(encodeURIComponent('[dbo].[Risks]'))}/items","authentication":"@parameters('$authentication')"}}},"runAfter":{"GetRisks":["Succeeded"]},"type":"Foreach"},"GetProjSiteDetails":{"runAfter":{"Set_ProjSiteUrl":["Succeeded"]},"metadata":{"flowSystemMetadata":{"swaggerOperationId":"HttpRequest"}},"type":"ApiConnection","inputs":{"host":{"connection":{"name":"@parameters('$connections')['shared_sharepointonline']['connectionId']"},"api":{"runtimeUrl":"https://flow-apim-europe-001-northeurope-01.azure-apim.net/apim/sharepointonline"}},"method":"post","body":{"method":"GET","uri":"@variables('ProjSiteRESTUrl')","headers":{"Accept":"application/json;odata=nometadata","Content-Type":"application/json;odata=nometadata"}},"path":"/datasets/@{encodeURIComponent(encodeURIComponent(variables('ProjectSiteUrl')))}/httprequest","authentication":"@parameters('$authentication')"}}},"runAfter":{"SetRiskUrl":["Succeeded"]},"type":"Foreach"},"ProjSiteUrl":{"runAfter":{"GetAllProjectSites":["Succeeded"]},"type":"InitializeVariable","inputs":{"variables":[{"name":"ProjectSiteUrl","type":"String"}]}},"RiskRESTUrl":{"runAfter":{"SetProjSiteRESTUrl":["Succeeded"]},"type":"InitializeVariable","inputs":{"variables":[{"name":"RiskUrl","type":"String"}]}},"SetRiskUrl":{"runAfter":{"RiskRESTUrl":["Succeeded"]},"type":"SetVariable","inputs":{"name":"RiskUrl","value":"/_api/web/lists/GetByTitle('Risks')/items?$select=GUID,Title,Description,DueDate,Status,Category,Probability,Impact,Mitigation_x0020_plan,Exposure,AssignedTo/Title&$expand=AssignedTo/Id"}},"ProjSiteRESTUrl":{"runAfter":{"ProjSiteUrl":["Succeeded"]},"type":"InitializeVariable","inputs":{"variables":[{"name":"ProjSiteRESTUrl","type":"string"}]}},"SetProjSiteRESTUrl":{"runAfter":{"ProjSiteRESTUrl":["Succeeded"]},"type":"SetVariable","inputs":{"name":"ProjSiteRESTUrl","value":"/_api/web/AllProperties?$select=MSPWASITEUID,MSPWAPROJUID"}}},"outputs":{},"description":"Example Power Automate Flow to sync Project Site Risks to a SQL database by pwmather:\nhttps://pwmather.wordpress.com/\n@pwmather"},"connectionReferences":{"shared_sharepointonline":{"connectionName":"25ea5c4b08b64883b07f519b10e2c8e5","source":"Embedded","id":"/providers/Microsoft.PowerApps/apis/shared_sharepointonline","tier":"NotSpecified"},"shared_sql_2":{"connectionName":"shared-sql-93fd490b-1fc7-433c-a755-d648df7fc6d4","source":"Embedded","id":"/providers/Microsoft.PowerApps/apis/shared_sql","tier":"NotSpecified"}},"flowFailureAlertSubscribed":false}}